uo_cod;uo_sigla;fonte_cod;fonte_desc;analise_dcmefo
1011;ALMG;60;RECURSOS DIRETAMENTE ARRECADADOS;
1021;TCEMG;60;RECURSOS DIRETAMENTE ARRECADADOS;
1031;TJMG;60;RECURSOS DIRETAMENTE ARRECADADOS;
1051;TJMMG;60;RECURSOS DIRETAMENTE ARRECADADOS;
1071;GABINETE MILITAR;45;DOACOES DE PESSOAS, DE INSTITUICOES PRIVADAS OU DO EXTERIOR A ORGAO E ENTIDADES DO ESTADO;
1071;GABINETE MILITAR;57;TRANSFERENCIAS DA UNIAO POR MEIO DE PORTARIA - EXCETO EMENDAS INDIVIDUAIS E DE BANCADA;
1081;AGE;9;TERMOS DE AJUSTAMENTO, DOACOES CONTROLADAS POR INSTRUMENTO JURIDICO E CONGENERES;
1081;AGE;57;TRANSFERENCIAS DA UNIAO POR MEIO DE PORTARIA - EXCETO EMENDAS INDIVIDUAIS E DE BANCADA;
1091;PGJ;47;ALIENACAO DE BENS DE ENTIDADES ESTADUAIS;
1091;PGJ;60;RECURSOS DIRETAMENTE ARRECADADOS;
1091;PGJ;70;CONVENIOS COM OS MUNICIPIOS;
1191;SEF;9;TERMOS DE AJUSTAMENTO, DOACOES CONTROLADAS POR INSTRUMENTO JURIDICO E CONGENERES;
1191;SEF;74;ACORDOS E AJUSTES DE COOPERACAO MUTUA COM AS INSTITUICOES PRIVADAS E OS ORGANISMOS DO EXTERIOR;
1221;SEDE;1;CONVENIOS COM A UNIAO E SUAS ENTIDADES - EMENDAS INDIVIDUAIS;
1221;SEDE;24;CONVENIOS COM A UNIAO E SUAS ENTIDADES - EXCETO EMENDAS INDIVIDUAIS E DE BANCADA;
1221;SEDE;60;RECURSOS DIRETAMENTE ARRECADADOS;
1221;SEDE;98;TRANSFERENCIAS ESPECIAIS DE RECURSOS DA UNIAO;
1231;SEAPA;1;CONVENIOS COM A UNIAO E SUAS ENTIDADES - EMENDAS INDIVIDUAIS;
1231;SEAPA;24;CONVENIOS COM A UNIAO E SUAS ENTIDADES - EXCETO EMENDAS INDIVIDUAIS E DE BANCADA;
1231;SEAPA;59;OUTROS RECURSOS VINCULADOS;
1231;SEAPA;98;TRANSFERENCIAS ESPECIAIS DE RECURSOS DA UNIAO;
1251;PMMG;1;CONVENIOS COM A UNIAO E SUAS ENTIDADES - EMENDAS INDIVIDUAIS;
1251;PMMG;2;CONVENIOS COM A UNIAO E SUAS ENTIDADES - EMENDAS DE BANCADA;
1251;PMMG;9;TERMOS DE AJUSTAMENTO, DOACOES CONTROLADAS POR INSTRUMENTO JURIDICO E CONGENERES;
1251;PMMG;24;CONVENIOS COM A UNIAO E SUAS ENTIDADES - EXCETO EMENDAS INDIVIDUAIS E DE BANCADA;
1251;PMMG;45;DOACOES DE PESSOAS, DE INSTITUICOES PRIVADAS OU DO EXTERIOR A ORGAO E ENTIDADES DO ESTADO;
1251;PMMG;60;RECURSOS DIRETAMENTE ARRECADADOS;
1251;PMMG;68;CONVENIOS COM AS INSTITUICOES PRIVADAS E OS ORGANISMOS DO EXTERIOR;
1251;PMMG;69;CONVENIOS COM OS ESTADOS E O DISTRITO FEDERAL;
1251;PMMG;70;CONVENIOS COM OS MUNICIPIOS;
1251;PMMG;73;ACORDOS, AJUSTES E DEMAIS INSTRUMENTOS DE COOPERACAO MUTUA COM A UNIAO E SUAS ENTIDADES;
1251;PMMG;98;TRANSFERENCIAS ESPECIAIS DE RECURSOS DA UNIAO;
1261;SEE;3;TRANSFERENCIAS DO FNDE VINCULADAS A EDUCACAO - EMENDAS INDIVIDUAIS;
1261;SEE;13;FUNDO DE MANUTENCAO E DESENVOLVIMENTO DA EDUCACAO BASICA - FUNDEB - REGULARIZACAO DE EXERCICIOS ANTE;
1261;SEE;21;COTA ESTADUAL DO SALARIO EDUCACAO - QESE;
1261;SEE;23;FUNDO DE MANUTENCAO E DESENVOLVIMENTO DA EDUCACAO BASICA - FUNDEB;
1261;SEE;24;CONVENIOS COM A UNIAO E SUAS ENTIDADES - EXCETO EMENDAS INDIVIDUAIS E DE BANCADA;
1261;SEE;36;TRANSFERENCIAS DO FNDE VINCULADAS A EDUCACAO - EXCETO EMENDAS INDIVIDUAIS E DE BANCADA;
1261;SEE;60;RECURSOS DIRETAMENTE ARRECADADOS;
1261;SEE;70;CONVENIOS COM OS MUNICIPIOS;
1261;SEE;90;TRANSFERENCIAS DO FUNDEB - COMPLEMENTACAO DA UNIAO - VAAR;
1261;SEE;98;TRANSFERENCIAS ESPECIAIS DE RECURSOS DA UNIAO;
1271;SECULT;16;DEMAIS TRANSFERENCIAS VINCULADAS DA UNIAO;
1271;SECULT;17;TRANSFERENCIAS DESTINADAS AO SETOR CULTURAL - LC 195/2022 - ART 5O - AUDIOVISUAL;
1271;SECULT;24;CONVENIOS COM A UNIAO E SUAS ENTIDADES - EXCETO EMENDAS INDIVIDUAIS E DE BANCADA;
1271;SECULT;57;TRANSFERENCIAS DA UNIAO POR MEIO DE PORTARIA - EXCETO EMENDAS INDIVIDUAIS E DE BANCADA;
1271;SECULT;59;OUTROS RECURSOS VINCULADOS;
1271;SECULT;69;CONVENIOS COM OS ESTADOS E O DISTRITO FEDERAL;
1301;SEINFRA;24;CONVENIOS COM A UNIAO E SUAS ENTIDADES - EXCETO EMENDAS INDIVIDUAIS E DE BANCADA;
1301;SEINFRA;57;TRANSFERENCIAS DA UNIAO POR MEIO DE PORTARIA - EXCETO EMENDAS INDIVIDUAIS E DE BANCADA;
1301;SEINFRA;59;OUTROS RECURSOS VINCULADOS;
1301;SEINFRA;70;CONVENIOS COM OS MUNICIPIOS;
1301;SEINFRA;73;ACORDOS, AJUSTES E DEMAIS INSTRUMENTOS DE COOPERACAO MUTUA COM A UNIAO E SUAS ENTIDADES;
1301;SEINFRA;74;ACORDOS E AJUSTES DE COOPERACAO MUTUA COM AS INSTITUICOES PRIVADAS E OS ORGANISMOS DO EXTERIOR;
1371;SEMAD;1;CONVENIOS COM A UNIAO E SUAS ENTIDADES - EMENDAS INDIVIDUAIS;
1371;SEMAD;2;CONVENIOS COM A UNIAO E SUAS ENTIDADES - EMENDAS DE BANCADA;
1371;SEMAD;9;TERMOS DE AJUSTAMENTO, DOACOES CONTROLADAS POR INSTRUMENTO JURIDICO E CONGENERES;
1371;SEMAD;24;CONVENIOS COM A UNIAO E SUAS ENTIDADES - EXCETO EMENDAS INDIVIDUAIS E DE BANCADA;
1371;SEMAD;59;OUTROS RECURSOS VINCULADOS;
1371;SEMAD;79;CONTRIBUICAO PATRONAL PARA O FUNPREV;
1401;CBMMG;1;CONVENIOS COM A UNIAO E SUAS ENTIDADES - EMENDAS INDIVIDUAIS;
1401;CBMMG;2;CONVENIOS COM A UNIAO E SUAS ENTIDADES - EMENDAS DE BANCADA;
1401;CBMMG;10;RECURSOS ORDINARIOS - RECURSOS NAO VINCULADOS DE IMPOSTOS;
1401;CBMMG;24;CONVENIOS COM A UNIAO E SUAS ENTIDADES - EXCETO EMENDAS INDIVIDUAIS E DE BANCADA;
1401;CBMMG;45;DOACOES DE PESSOAS, DE INSTITUICOES PRIVADAS OU DO EXTERIOR A ORGAO E ENTIDADES DO ESTADO;
1401;CBMMG;60;RECURSOS DIRETAMENTE ARRECADADOS;
1401;CBMMG;66;ACORDOS E AJUSTES DE COOPERACAO MUTUA COM OS ESTADOS E O DISTRITO FEDERAL;
1401;CBMMG;70;CONVENIOS COM OS MUNICIPIOS;
1401;CBMMG;74;ACORDOS E AJUSTES DE COOPERACAO MUTUA COM AS INSTITUICOES PRIVADAS E OS ORGANISMOS DO EXTERIOR;
1401;CBMMG;98;TRANSFERENCIAS ESPECIAIS DE RECURSOS DA UNIAO;
1441;DEF PUB;47;ALIENACAO DE BENS DE ENTIDADES ESTADUAIS;Receita com alienação
1441;DEF PUB;60;RECURSOS DIRETAMENTE ARRECADADOS;
1451;SEJUSP;1;CONVENIOS COM A UNIAO E SUAS ENTIDADES - EMENDAS INDIVIDUAIS;
1451;SEJUSP;2;CONVENIOS COM A UNIAO E SUAS ENTIDADES - EMENDAS DE BANCADA;
1451;SEJUSP;9;TERMOS DE AJUSTAMENTO, DOACOES CONTROLADAS POR INSTRUMENTO JURIDICO E CONGENERES;
1451;SEJUSP;10;RECURSOS ORDINARIOS - RECURSOS NAO VINCULADOS DE IMPOSTOS;
1451;SEJUSP;24;CONVENIOS COM A UNIAO E SUAS ENTIDADES - EXCETO EMENDAS INDIVIDUAIS E DE BANCADA;
1451;SEJUSP;45;DOACOES DE PESSOAS, DE INSTITUICOES PRIVADAS OU DO EXTERIOR A ORGAO E ENTIDADES DO ESTADO;
1451;SEJUSP;60;RECURSOS DIRETAMENTE ARRECADADOS;
1451;SEJUSP;61;RECURSOS DIRETAMENTE ARRECADADOS COM VINCULACAO ESPECIFICA;
1451;SEJUSP;98;TRANSFERENCIAS ESPECIAIS DE RECURSOS DA UNIAO;
1481;SEDESE;1;CONVENIOS COM A UNIAO E SUAS ENTIDADES - EMENDAS INDIVIDUAIS;
1481;SEDESE;2;CONVENIOS COM A UNIAO E SUAS ENTIDADES - EMENDAS DE BANCADA;
1481;SEDESE;10;RECURSOS ORDINARIOS - RECURSOS NAO VINCULADOS DE IMPOSTOS;
1481;SEDESE;24;CONVENIOS COM A UNIAO E SUAS ENTIDADES - EXCETO EMENDAS INDIVIDUAIS E DE BANCADA;
1481;SEDESE;38;TRANSFERENCIAS DA UNIAO VINCULADAS AO ESPORTE;
1481;SEDESE;59;OUTROS RECURSOS VINCULADOS;
1481;SEDESE;98;TRANSFERENCIAS ESPECIAIS DE RECURSOS DA UNIAO;
1501;SEPLAG;74;ACORDOS E AJUSTES DE COOPERACAO MUTUA COM AS INSTITUICOES PRIVADAS E OS ORGANISMOS DO EXTERIOR;
1511;PCMG;1;CONVENIOS COM A UNIAO E SUAS ENTIDADES - EMENDAS INDIVIDUAIS;
1511;PCMG;2;CONVENIOS COM A UNIAO E SUAS ENTIDADES - EMENDAS DE BANCADA;
1511;PCMG;9;TERMOS DE AJUSTAMENTO, DOACOES CONTROLADAS POR INSTRUMENTO JURIDICO E CONGENERES;
1511;PCMG;24;CONVENIOS COM A UNIAO E SUAS ENTIDADES - EXCETO EMENDAS INDIVIDUAIS E DE BANCADA;
1511;PCMG;45;DOACOES DE PESSOAS, DE INSTITUICOES PRIVADAS OU DO EXTERIOR A ORGAO E ENTIDADES DO ESTADO;
1511;PCMG;60;RECURSOS DIRETAMENTE ARRECADADOS;
1511;PCMG;70;CONVENIOS COM OS MUNICIPIOS;
1511;PCMG;74;ACORDOS E AJUSTES DE COOPERACAO MUTUA COM AS INSTITUICOES PRIVADAS E OS ORGANISMOS DO EXTERIOR;
1511;PCMG;98;TRANSFERENCIAS ESPECIAIS DE RECURSOS DA UNIAO;
1521;CGE;9;TERMOS DE AJUSTAMENTO, DOACOES CONTROLADAS POR INSTRUMENTO JURIDICO E CONGENERES;
1521;CGE;59;OUTROS RECURSOS VINCULADOS;
1541;ESP MG;10;RECURSOS ORDINARIOS - RECURSOS NAO VINCULADOS DE IMPOSTOS;
1541;ESP MG;60;RECURSOS DIRETAMENTE ARRECADADOS;
1911;EGE - SEF;11;RECURSOS DE DESVINCULACAO DE RECEITAS;
1911;EGE - SEF;15;RECURSOS ORDINARIOS - OUTROS RECURSOS NAO VINCULADOS;
1911;EGE - SEF;20;RECURSOS CONSTITUC.VINCULADOS AOS MUNICIPIOS;
1911;EGE - SEF;23;FUNDO DE MANUTENCAO E DESENVOLVIMENTO DA EDUCACAO BASICA - FUNDEB;
1911;EGE - SEF;25;OPERACOES DE CREDITO CONTRATUAIS;
1911;EGE - SEF;27;TAXA DE SEGURANCA PUBLICA;
1911;EGE - SEF;53;TAXA DE INCENDIO;
1911;EGE - SEF;71;RECURSOS DO FUNDO ESTADUAL DE ERRADICACAO DA MISERIA;
1911;EGE - SEF;72;TAXA DE FISCALIZACAO DE RECURSOS MINERARIOS;
1911;EGE - SEF;82;NOTIFICACAO DE INFRACAO DE TRANSITO ESTADO;
2011;IPSEMG;47;ALIENACAO DE BENS DE ENTIDADES ESTADUAIS;
2011;IPSEMG;49;CONTRIBUICAO PATRONAL DO ESTADO AOS INSTITUTOS DE PREVIDENCIA;
2011;IPSEMG;50;CONTRIBUICAO DO SERVIDOR DO ESTADO AOS INSTITUTOS DE PREVIDENCIA;
2011;IPSEMG;60;RECURSOS DIRETAMENTE ARRECADADOS;
2041;LEMG;60;RECURSOS DIRETAMENTE ARRECADADOS;
2061;FJP;24;CONVENIOS COM A UNIAO E SUAS ENTIDADES - EXCETO EMENDAS INDIVIDUAIS E DE BANCADA;
2061;FJP;45;DOACOES DE PESSOAS, DE INSTITUICOES PRIVADAS OU DO EXTERIOR A ORGAO E ENTIDADES DO ESTADO;
2061;FJP;47;ALIENACAO DE BENS DE ENTIDADES ESTADUAIS;Receita com alienação
2061;FJP;60;RECURSOS DIRETAMENTE ARRECADADOS;
2071;FAPEMIG;10;RECURSOS ORDINARIOS - RECURSOS NAO VINCULADOS DE IMPOSTOS;
2071;FAPEMIG;24;CONVENIOS COM A UNIAO E SUAS ENTIDADES - EXCETO EMENDAS INDIVIDUAIS E DE BANCADA;
2071;FAPEMIG;47;ALIENACAO DE BENS DE ENTIDADES ESTADUAIS;
2071;FAPEMIG;60;RECURSOS DIRETAMENTE ARRECADADOS;
2071;FAPEMIG;68;CONVENIOS COM AS INSTITUICOES PRIVADAS E OS ORGANISMOS DO EXTERIOR;
2071;FAPEMIG;69;CONVENIOS COM OS ESTADOS E O DISTRITO FEDERAL;
2091;FEAM;9;TERMOS DE AJUSTAMENTO, DOACOES CONTROLADAS POR INSTRUMENTO JURIDICO E CONGENERES;
2091;FEAM;24;CONVENIOS COM A UNIAO E SUAS ENTIDADES - EXCETO EMENDAS INDIVIDUAIS E DE BANCADA;
2091;FEAM;45;DOACOES DE PESSOAS, DE INSTITUICOES PRIVADAS OU DO EXTERIOR A ORGAO E ENTIDADES DO ESTADO;
2091;FEAM;47;ALIENACAO DE BENS DE ENTIDADES ESTADUAIS;
2091;FEAM;52;TAXA DE CONTROLE E FISCALIZACAO AMBIENTAL;
2091;FEAM;59;OUTROS RECURSOS VINCULADOS;
2091;FEAM;60;RECURSOS DIRETAMENTE ARRECADADOS;
2091;FEAM;79;CONTRIBUICAO PATRONAL PARA O FUNPREV;
2091;FEAM;91;TAXA DE EXPEDIENTE - ADMINISTRACAO INDIRETA;
2101;IEF;9;TERMOS DE AJUSTAMENTO, DOACOES CONTROLADAS POR INSTRUMENTO JURIDICO E CONGENERES;
2101;IEF;24;CONVENIOS COM A UNIAO E SUAS ENTIDADES - EXCETO EMENDAS INDIVIDUAIS E DE BANCADA;
2101;IEF;26;TAXA FLORESTAL - ADMINISTRACAO INDIRETA;
2101;IEF;47;ALIENACAO DE BENS DE ENTIDADES ESTADUAIS;
2101;IEF;52;TAXA DE CONTROLE E FISCALIZACAO AMBIENTAL;
2101;IEF;60;RECURSOS DIRETAMENTE ARRECADADOS;
2101;IEF;61;RECURSOS DIRETAMENTE ARRECADADOS COM VINCULACAO ESPECIFICA;
2101;IEF;68;CONVENIOS COM AS INSTITUICOES PRIVADAS E OS ORGANISMOS DO EXTERIOR;
2101;IEF;69;CONVENIOS COM OS ESTADOS E O DISTRITO FEDERAL;
2101;IEF;70;CONVENIOS COM OS MUNICIPIOS;
2101;IEF;74;ACORDOS E AJUSTES DE COOPERACAO MUTUA COM AS INSTITUICOES PRIVADAS E OS ORGANISMOS DO EXTERIOR;
2101;IEF;79;CONTRIBUICAO PATRONAL PARA O FUNPREV;
2101;IEF;91;TAXA DE EXPEDIENTE - ADMINISTRACAO INDIRETA;
2121;IPSM;47;ALIENACAO DE BENS DE ENTIDADES ESTADUAIS;
2121;IPSM;49;CONTRIBUICAO PATRONAL DO ESTADO AOS INSTITUTOS DE PREVIDENCIA;
2121;IPSM;50;CONTRIBUICAO DO SERVIDOR DO ESTADO AOS INSTITUTOS DE PREVIDENCIA;
2121;IPSM;60;RECURSOS DIRETAMENTE ARRECADADOS;
2151;FHA;10;RECURSOS ORDINARIOS - RECURSOS NAO VINCULADOS DE IMPOSTOS;
2151;FHA;47;ALIENACAO DE BENS DE ENTIDADES ESTADUAIS;
2151;FHA;60;RECURSOS DIRETAMENTE ARRECADADOS;
2161;FUCAM;1;CONVENIOS COM A UNIAO E SUAS ENTIDADES - EMENDAS INDIVIDUAIS;
2161;FUCAM;24;CONVENIOS COM A UNIAO E SUAS ENTIDADES - EXCETO EMENDAS INDIVIDUAIS E DE BANCADA;
2161;FUCAM;47;ALIENACAO DE BENS DE ENTIDADES ESTADUAIS;
2161;FUCAM;60;RECURSOS DIRETAMENTE ARRECADADOS;
2171;FAOP;24;CONVENIOS COM A UNIAO E SUAS ENTIDADES - EXCETO EMENDAS INDIVIDUAIS E DE BANCADA;
2171;FAOP;45;DOACOES DE PESSOAS, DE INSTITUICOES PRIVADAS OU DO EXTERIOR A ORGAO E ENTIDADES DO ESTADO;
2171;FAOP;60;RECURSOS DIRETAMENTE ARRECADADOS;
2171;FAOP;68;CONVENIOS COM AS INSTITUICOES PRIVADAS E OS ORGANISMOS DO EXTERIOR;
2181;FCS;10;RECURSOS ORDINARIOS - RECURSOS NAO VINCULADOS DE IMPOSTOS;
2181;FCS;45;DOACOES DE PESSOAS, DE INSTITUICOES PRIVADAS OU DO EXTERIOR A ORGAO E ENTIDADES DO ESTADO;
2181;FCS;47;ALIENACAO DE BENS DE ENTIDADES ESTADUAIS;
2181;FCS;60;RECURSOS DIRETAMENTE ARRECADADOS;
2201;IEPHA;1;CONVENIOS COM A UNIAO E SUAS ENTIDADES - EMENDAS INDIVIDUAIS;
2201;IEPHA;9;TERMOS DE AJUSTAMENTO, DOACOES CONTROLADAS POR INSTRUMENTO JURIDICO E CONGENERES;
2201;IEPHA;24;CONVENIOS COM A UNIAO E SUAS ENTIDADES - EXCETO EMENDAS INDIVIDUAIS E DE BANCADA;
2201;IEPHA;45;DOACOES DE PESSOAS, DE INSTITUICOES PRIVADAS OU DO EXTERIOR A ORGAO E ENTIDADES DO ESTADO;
2201;IEPHA;60;RECURSOS DIRETAMENTE ARRECADADOS;
2211;TV MINAS;60;RECURSOS DIRETAMENTE ARRECADADOS;
2211;TV MINAS;70;CONVENIOS COM OS MUNICIPIOS;
2241;IGAM;24;CONVENIOS COM A UNIAO E SUAS ENTIDADES - EXCETO EMENDAS INDIVIDUAIS E DE BANCADA;
2241;IGAM;47;ALIENACAO DE BENS DE ENTIDADES ESTADUAIS;
2241;IGAM;60;RECURSOS DIRETAMENTE ARRECADADOS;
2241;IGAM;61;RECURSOS DIRETAMENTE ARRECADADOS COM VINCULACAO ESPECIFICA;
2241;IGAM;73;ACORDOS, AJUSTES E DEMAIS INSTRUMENTOS DE COOPERACAO MUTUA COM A UNIAO E SUAS ENTIDADES;
2241;IGAM;79;CONTRIBUICAO PATRONAL PARA O FUNPREV;
2241;IGAM;91;TAXA DE EXPEDIENTE - ADMINISTRACAO INDIRETA;
2251;JUCEMG;47;ALIENACAO DE BENS DE ENTIDADES ESTADUAIS;
2251;JUCEMG;60;RECURSOS DIRETAMENTE ARRECADADOS;
2261;FUNED;10;RECURSOS ORDINARIOS - RECURSOS NAO VINCULADOS DE IMPOSTOS;
2261;FUNED;24;CONVENIOS COM A UNIAO E SUAS ENTIDADES - EXCETO EMENDAS INDIVIDUAIS E DE BANCADA;
2261;FUNED;47;ALIENACAO DE BENS DE ENTIDADES ESTADUAIS;registro de restituições de recursos aplicados em saúde em outra classificação a partir de 2025
2261;FUNED;60;RECURSOS DIRETAMENTE ARRECADADOS;
2271;FHEMIG;1;CONVENIOS COM A UNIAO E SUAS ENTIDADES - EMENDAS INDIVIDUAIS;
2271;FHEMIG;9;TERMOS DE AJUSTAMENTO, DOACOES CONTROLADAS POR INSTRUMENTO JURIDICO E CONGENERES;
2271;FHEMIG;10;RECURSOS ORDINARIOS - RECURSOS NAO VINCULADOS DE IMPOSTOS;
2271;FHEMIG;24;CONVENIOS COM A UNIAO E SUAS ENTIDADES - EXCETO EMENDAS INDIVIDUAIS E DE BANCADA;
2271;FHEMIG;45;DOACOES DE PESSOAS, DE INSTITUICOES PRIVADAS OU DO EXTERIOR A ORGAO E ENTIDADES DO ESTADO;
2271;FHEMIG;47;ALIENACAO DE BENS DE ENTIDADES ESTADUAIS;
2271;FHEMIG;60;RECURSOS DIRETAMENTE ARRECADADOS;
2271;FHEMIG;68;CONVENIOS COM AS INSTITUICOES PRIVADAS E OS ORGANISMOS DO EXTERIOR;
2271;FHEMIG;70;CONVENIOS COM OS MUNICIPIOS;
2281;UTRAMIG;36;TRANSFERENCIAS DO FNDE VINCULADAS A EDUCACAO - EXCETO EMENDAS INDIVIDUAIS E DE BANCADA;
2281;UTRAMIG;47;ALIENACAO DE BENS DE ENTIDADES ESTADUAIS;
2281;UTRAMIG;60;RECURSOS DIRETAMENTE ARRECADADOS;
2301;DER-MG;24;CONVENIOS COM A UNIAO E SUAS ENTIDADES - EXCETO EMENDAS INDIVIDUAIS E DE BANCADA;
2301;DER-MG;47;ALIENACAO DE BENS DE ENTIDADES ESTADUAIS;
2301;DER-MG;51;CONTRIBUICAO DE INTERVENCAO NO DOMINIO ECONOMICO/COMBUSTIVEIS-CIDE;
2301;DER-MG;60;RECURSOS DIRETAMENTE ARRECADADOS;
2301;DER-MG;68;CONVENIOS COM AS INSTITUICOES PRIVADAS E OS ORGANISMOS DO EXTERIOR;
2301;DER-MG;69;CONVENIOS COM OS ESTADOS E O DISTRITO FEDERAL;
2301;DER-MG;70;CONVENIOS COM OS MUNICIPIOS;
2301;DER-MG;74;ACORDOS E AJUSTES DE COOPERACAO MUTUA COM AS INSTITUICOES PRIVADAS E OS ORGANISMOS DO EXTERIOR;
2301;DER-MG;91;TAXA DE EXPEDIENTE - ADMINISTRACAO INDIRETA;
2311;UNIMONTES;1;CONVENIOS COM A UNIAO E SUAS ENTIDADES - EMENDAS INDIVIDUAIS;
2311;UNIMONTES;10;RECURSOS ORDINARIOS - RECURSOS NAO VINCULADOS DE IMPOSTOS;
2311;UNIMONTES;24;CONVENIOS COM A UNIAO E SUAS ENTIDADES - EXCETO EMENDAS INDIVIDUAIS E DE BANCADA;
2311;UNIMONTES;36;TRANSFERENCIAS DO FNDE VINCULADAS A EDUCACAO - EXCETO EMENDAS INDIVIDUAIS E DE BANCADA;
2311;UNIMONTES;60;RECURSOS DIRETAMENTE ARRECADADOS;
2311;UNIMONTES;70;CONVENIOS COM OS MUNICIPIOS;
2321;HEMOMINAS;1;CONVENIOS COM A UNIAO E SUAS ENTIDADES - EMENDAS INDIVIDUAIS;
2321;HEMOMINAS;10;RECURSOS ORDINARIOS - RECURSOS NAO VINCULADOS DE IMPOSTOS;
2321;HEMOMINAS;24;CONVENIOS COM A UNIAO E SUAS ENTIDADES - EXCETO EMENDAS INDIVIDUAIS E DE BANCADA;
2321;HEMOMINAS;47;ALIENACAO DE BENS DE ENTIDADES ESTADUAIS;
2321;HEMOMINAS;60;RECURSOS DIRETAMENTE ARRECADADOS;"ausência de concursos previstos para a Fundação;  registro de restituições de recursos aplicados em saúde em outra classificação a partir de 2025"
2321;HEMOMINAS;70;CONVENIOS COM OS MUNICIPIOS;
2331;IPEMMG;73;ACORDOS, AJUSTES E DEMAIS INSTRUMENTOS DE COOPERACAO MUTUA COM A UNIAO E SUAS ENTIDADES;
2351;UEMG;1;CONVENIOS COM A UNIAO E SUAS ENTIDADES - EMENDAS INDIVIDUAIS;
2351;UEMG;3;TRANSFERENCIAS DO FNDE VINCULADAS A EDUCACAO - EMENDAS INDIVIDUAIS;
2351;UEMG;10;RECURSOS ORDINARIOS - RECURSOS NAO VINCULADOS DE IMPOSTOS;
2351;UEMG;24;CONVENIOS COM A UNIAO E SUAS ENTIDADES - EXCETO EMENDAS INDIVIDUAIS E DE BANCADA;
2351;UEMG;60;RECURSOS DIRETAMENTE ARRECADADOS;
2361;IPLEMG;60;RECURSOS DIRETAMENTE ARRECADADOS;
2371;IMA;1;CONVENIOS COM A UNIAO E SUAS ENTIDADES - EMENDAS INDIVIDUAIS;
2371;IMA;10;RECURSOS ORDINARIOS - RECURSOS NAO VINCULADOS DE IMPOSTOS;
2371;IMA;24;CONVENIOS COM A UNIAO E SUAS ENTIDADES - EXCETO EMENDAS INDIVIDUAIS E DE BANCADA;
2371;IMA;47;ALIENACAO DE BENS DE ENTIDADES ESTADUAIS;
2371;IMA;60;RECURSOS DIRETAMENTE ARRECADADOS;
2371;IMA;91;TAXA DE EXPEDIENTE - ADMINISTRACAO INDIRETA;
2371;IMA;95;RECURSOS RECEBIDOS POR DANOS ADVINDOS DE DESASTRES SOCIOAMBIENTAIS;
2421;IDENE;1;CONVENIOS COM A UNIAO E SUAS ENTIDADES - EMENDAS INDIVIDUAIS;
2421;IDENE;9;TERMOS DE AJUSTAMENTO, DOACOES CONTROLADAS POR INSTRUMENTO JURIDICO E CONGENERES;
2421;IDENE;24;CONVENIOS COM A UNIAO E SUAS ENTIDADES - EXCETO EMENDAS INDIVIDUAIS E DE BANCADA;
2421;IDENE;36;TRANSFERENCIAS DO FNDE VINCULADAS A EDUCACAO - EXCETO EMENDAS INDIVIDUAIS E DE BANCADA;
2431;AGENCIA RMBH;60;RECURSOS DIRETAMENTE ARRECADADOS;
2441;ARSAE -MG;59;OUTROS RECURSOS VINCULADOS;
2461;ARMVA;24;CONVENIOS COM A UNIAO E SUAS ENTIDADES - EXCETO EMENDAS INDIVIDUAIS E DE BANCADA;
2461;ARMVA;60;RECURSOS DIRETAMENTE ARRECADADOS;
3041;EMATER;1;CONVENIOS COM A UNIAO E SUAS ENTIDADES - EMENDAS INDIVIDUAIS;
3041;EMATER;2;CONVENIOS COM A UNIAO E SUAS ENTIDADES - EMENDAS DE BANCADA;
3041;EMATER;24;CONVENIOS COM A UNIAO E SUAS ENTIDADES - EXCETO EMENDAS INDIVIDUAIS E DE BANCADA;
3041;EMATER;60;RECURSOS DIRETAMENTE ARRECADADOS;
3041;EMATER;67;ACORDOS E AJUSTES DE COOPERACAO MUTUA COM OS MUNICIPIOS;
3051;EPAMIG;1;CONVENIOS COM A UNIAO E SUAS ENTIDADES - EMENDAS INDIVIDUAIS;
3051;EPAMIG;24;CONVENIOS COM A UNIAO E SUAS ENTIDADES - EXCETO EMENDAS INDIVIDUAIS E DE BANCADA;
3051;EPAMIG;47;ALIENACAO DE BENS DE ENTIDADES ESTADUAIS;
3051;EPAMIG;60;RECURSOS DIRETAMENTE ARRECADADOS;
3051;EPAMIG;70;CONVENIOS COM OS MUNICIPIOS;
3151;EMC;60;RECURSOS DIRETAMENTE ARRECADADOS;
4031;FEPJ;24;CONVENIOS COM A UNIAO E SUAS ENTIDADES - EXCETO EMENDAS INDIVIDUAIS E DE BANCADA;
4031;FEPJ;47;ALIENACAO DE BENS DE ENTIDADES ESTADUAIS;
4031;FEPJ;60;RECURSOS DIRETAMENTE ARRECADADOS;
4031;FEPJ;61;RECURSOS DIRETAMENTE ARRECADADOS COM VINCULACAO ESPECIFICA;
4031;FEPJ;70;CONVENIOS COM OS MUNICIPIOS;
4031;FEPJ;77;TAXA DE FISCALIZACAO JUDICIARIA E TAXAS E MULTAS JUDICIAIS;
4091;FIA;45;DOACOES DE PESSOAS, DE INSTITUICOES PRIVADAS OU DO EXTERIOR A ORGAO E ENTIDADES DO ESTADO;
4091;FIA;60;RECURSOS DIRETAMENTE ARRECADADOS;
4101;FEH;60;RECURSOS DIRETAMENTE ARRECADADOS;
4111;FUNDESE;60;RECURSOS DIRETAMENTE ARRECADADOS;
4111;FUNDESE;61;RECURSOS DIRETAMENTE ARRECADADOS COM VINCULACAO ESPECIFICA;
4121;FUNDALEMG;60;RECURSOS DIRETAMENTE ARRECADADOS;
4141;FPE;39;MULTAS PECUNIARIAS E JUROS DE MORA FIXADOS EM SENTENCAS JUDICIAIS;
4141;FPE;57;TRANSFERENCIAS DA UNIAO POR MEIO DE PORTARIA - EXCETO EMENDAS INDIVIDUAIS E DE BANCADA;
4171;FUNDERUR;60;RECURSOS DIRETAMENTE ARRECADADOS;
4251;FEAS;5;TRANSFERENCIAS DA UNIAO VINCULADAS A ASSISTENCIA SOCIAL - EMENDAS INDIVIDUAIS;
4251;FEAS;6;TRANSFERENCIAS DA UNIAO VINCULADAS A ASSISTENCIA SOCIAL - EMENDAS DE BANCADA;
4251;FEAS;56;TRANSFERENCIAS DA UNIAO VINCULADAS A ASSISTENCIA SOCIAL - EXCETO EMENDAS INDIVIDUAIS E DE BANCADA;
4291;FES;1;CONVENIOS COM A UNIAO E SUAS ENTIDADES - EMENDAS INDIVIDUAIS;
4291;FES;10;RECURSOS ORDINARIOS - RECURSOS NAO VINCULADOS DE IMPOSTOS;
4291;FES;24;CONVENIOS COM A UNIAO E SUAS ENTIDADES - EXCETO EMENDAS INDIVIDUAIS E DE BANCADA;
4291;FES;37;TRANSFERENCIAS DA UNIAO VINCULADAS A SAUDE;
4291;FES;57;TRANSFERENCIAS DA UNIAO POR MEIO DE PORTARIA - EXCETO EMENDAS INDIVIDUAIS E DE BANCADA;
4291;FES;60;RECURSOS DIRETAMENTE ARRECADADOS;
4291;FES;62;TRANSFERENCIAS DA UNIAO VINCULADAS A SAUDE - BLOCO MANUTENCAO - EMENDAS INDIVIDUAIS;
4291;FES;63;TRANSFERENCIAS DA UNIAO VINCULADAS A SAUDE - BLOCO MANUTENCAO - EMENDAS DE BANCADA;
4291;FES;64;TRANSFERENCIAS DA UNIAO VINCULADAS A SAUDE - BLOCO ESTRUTURACAO - EMENDAS INDIVIDUAIS;
4291;FES;65;TRANSFERENCIAS DA UNIAO VINCULADAS A SAUDE - BLOCO ESTRUTURACAO - EMENDAS DE BANCADA;
4291;FES;92;TRANSFERENCIAS DA UNIAO VINCULADAS A SAUDE - BLOCO MANUTENCAO - EXCETO EMENDAS INDIV. E DE BANCADA;
4291;FES;93;TRANSFERENCIAS DA UNIAO VINCULADAS A SAUDE - BLOCO ESTRUTURACAO - EXCETO EMENDAS INDIV. E DE BANCADA;
4291;FES;95;RECURSOS RECEBIDOS POR DANOS ADVINDOS DE DESASTRES SOCIOAMBIENTAIS;
4331;FDM;9;TERMOS DE AJUSTAMENTO, DOACOES CONTROLADAS POR INSTRUMENTO JURIDICO E CONGENERES;
4331;FDM;59;OUTROS RECURSOS VINCULADOS;
4341;FHIDRO;61;RECURSOS DIRETAMENTE ARRECADADOS COM VINCULACAO ESPECIFICA;
4381;FUNTRANS;54;TAXA DE LICENCIAMENTO DA FAIXA DE DOMINIO DAS RODOVIAS;
4381;FUNTRANS;60;RECURSOS DIRETAMENTE ARRECADADOS;
4381;FUNTRANS;83;NOTIFICACAO DE INFRACAO DE TRANSITO FUNTRANS;
4421;FUNDIF;39;MULTAS PECUNIARIAS E JUROS DE MORA FIXADOS EM SENTENCAS JUDICIAIS;
4441;FUNEMP;47;ALIENACAO DE BENS DE ENTIDADES ESTADUAIS;
4441;FUNEMP;60;RECURSOS DIRETAMENTE ARRECADADOS;
4451;FEPDC;47;ALIENACAO DE BENS DE ENTIDADES ESTADUAIS;
4451;FEPDC;60;RECURSOS DIRETAMENTE ARRECADADOS;
4491;FEC;59;OUTROS RECURSOS VINCULADOS;
4541;FAHMEMG;60;RECURSOS DIRETAMENTE ARRECADADOS;
4551;FUNAPEC;59;OUTROS RECURSOS VINCULADOS;
4551;FUNAPEC;60;RECURSOS DIRETAMENTE ARRECADADOS;
4601;FEI;45;DOACOES DE PESSOAS, DE INSTITUICOES PRIVADAS OU DO EXTERIOR A ORGAO E ENTIDADES DO ESTADO;
4611;FUNCONTAS;60;RECURSOS DIRETAMENTE ARRECADADOS;
4621;MG INVESTE;60;RECURSOS DIRETAMENTE ARRECADADOS;
4631;FPP - MG;10;RECURSOS ORDINARIOS - RECURSOS NAO VINCULADOS DE IMPOSTOS;
4631;FPP - MG;60;RECURSOS DIRETAMENTE ARRECADADOS;
4661;FAIMG;60;RECURSOS DIRETAMENTE ARRECADADOS;
4691;FESP-MG;57;TRANSFERENCIAS DA UNIAO POR MEIO DE PORTARIA - EXCETO EMENDAS INDIVIDUAIS E DE BANCADA;
4701;FET-MG;57;TRANSFERENCIAS DA UNIAO POR MEIO DE PORTARIA - EXCETO EMENDAS INDIVIDUAIS E DE BANCADA;
4701;FET-MG;60;RECURSOS DIRETAMENTE ARRECADADOS;
4711;FFP - MG;10;RECURSOS ORDINARIOS - RECURSOS NAO VINCULADOS DE IMPOSTOS;
4711;FFP - MG;30;CONTRIBUICAO A APOSENTADORIA;
4711;FFP - MG;42;CONTRIBUICAO PATRONAL PARA O RPPS;
4711;FFP - MG;43;CONTRIBUICAO DO SERVIDOR PARA O RPPS;
4711;FFP - MG;44;COMPENSACAO FINANCEIRA ENTRE REGIMES DE PREVIDENCIA;
4711;FFP - MG;52;TAXA DE CONTROLE E FISCALIZACAO AMBIENTAL;
4711;FFP - MG;58;RECURSOS PARA COBERTURA DE INSUFICIENCIA FINANCEIRA DO RPPS;
4711;FFP - MG;60;RECURSOS DIRETAMENTE ARRECADADOS;
4711;FFP - MG;61;RECURSOS DIRETAMENTE ARRECADADOS COM VINCULACAO ESPECIFICA;
4711;FFP - MG;75;CONTRIBUICAO PATRONAL PARA CUSTEIO DOS PROVENTOS DOS MILITARES;
4731;;59;OUTROS RECURSOS VINCULADOS;
4741;;59;OUTROS RECURSOS VINCULADOS;
4741;;60;RECURSOS DIRETAMENTE ARRECADADOS;
4751;;59;OUTROS RECURSOS VINCULADOS;
9901;RGE;1;CONVENIOS COM A UNIAO E SUAS ENTIDADES - EMENDAS INDIVIDUAIS;
9901;RGE;2;CONVENIOS COM A UNIAO E SUAS ENTIDADES - EMENDAS DE BANCADA;
9901;RGE;3;TRANSFERENCIAS DO FNDE VINCULADAS A EDUCACAO - EMENDAS INDIVIDUAIS;
9901;RGE;4;TRANSFERENCIAS DO FNDE VINCULADAS A EDUCACAO - EMENDAS DE BANCADA;
9901;RGE;9;TERMOS DE AJUSTAMENTO, DOACOES CONTROLADAS POR INSTRUMENTO JURIDICO E CONGENERES;
9901;RGE;10;RECURSOS ORDINARIOS - RECURSOS NAO VINCULADOS DE IMPOSTOS;
9901;RGE;11;RECURSOS DE DESVINCULACAO DE RECEITAS;
9901;RGE;12;OPERACOES DE CREDITO CONTRATUAIS - SWAP;
9901;RGE;13;FUNDO DE MANUTENCAO E DESENVOLVIMENTO DA EDUCACAO BASICA - FUNDEB - REGULARIZACAO DE EXERCICIOS ANTE;
9901;RGE;15;RECURSOS ORDINARIOS - OUTROS RECURSOS NAO VINCULADOS;
9901;RGE;16;DEMAIS TRANSFERENCIAS VINCULADAS DA UNIAO;
9901;RGE;17;TRANSFERENCIAS DESTINADAS AO SETOR CULTURAL - LC 195/2022 - ART 5O - AUDIOVISUAL;
9901;RGE;19;RECURSOS NAO VINCULADOS DA COMPENSACAO DE IMPOSTOS;
9901;RGE;20;RECURSOS CONSTITUC.VINCULADOS AOS MUNICIPIOS;
9901;RGE;21;COTA ESTADUAL DO SALARIO EDUCACAO - QESE;
9901;RGE;23;FUNDO DE MANUTENCAO E DESENVOLVIMENTO DA EDUCACAO BASICA - FUNDEB;
9901;RGE;24;CONVENIOS COM A UNIAO E SUAS ENTIDADES - EXCETO EMENDAS INDIVIDUAIS E DE BANCADA;
9901;RGE;25;OPERACOES DE CREDITO CONTRATUAIS;
9901;RGE;26;TAXA FLORESTAL - ADMINISTRACAO INDIRETA;
9901;RGE;27;TAXA DE SEGURANCA PUBLICA;
9901;RGE;29;TAXA DE EXPEDIENTE - ADMINISTRACAO DIRETA;
9901;RGE;30;CONTRIBUICAO A APOSENTADORIA;
9901;RGE;31;UTILIZACAO DE RECURSOS HIDRICOS;
9901;RGE;32;EXPLORACAO DE RECURSOS MINERAIS;
9901;RGE;33;EXPLORACAO E PRODUCAO DE PETROLEO E GAS NATURAL;
9901;RGE;36;TRANSFERENCIAS DO FNDE VINCULADAS A EDUCACAO - EXCETO EMENDAS INDIVIDUAIS E DE BANCADA;
9901;RGE;38;TRANSFERENCIAS DA UNIAO VINCULADAS AO ESPORTE;
9901;RGE;40;RECURSOS FUNDOS EXTINTOS-LEI NO 13.848/2001;
9901;RGE;45;DOACOES DE PESSOAS, DE INSTITUICOES PRIVADAS OU DO EXTERIOR A ORGAO E ENTIDADES DO ESTADO;
9901;RGE;46;DOACOES DE PESSOAS, DE INSTITUICOES PRIVADAS OU DO EXTERIOR AO TESOURO ESTADUAL;
9901;RGE;47;ALIENACAO DE BENS DE ENTIDADES ESTADUAIS;
9901;RGE;48;ALIENACAO DE BENS DO TESOURO ESTADUAL;
9901;RGE;51;CONTRIBUICAO DE INTERVENCAO NO DOMINIO ECONOMICO/COMBUSTIVEIS-CIDE;
9901;RGE;53;TAXA DE INCENDIO;
9901;RGE;57;TRANSFERENCIAS DA UNIAO POR MEIO DE PORTARIA - EXCETO EMENDAS INDIVIDUAIS E DE BANCADA;
9901;RGE;59;OUTROS RECURSOS VINCULADOS;
9901;RGE;60;RECURSOS DIRETAMENTE ARRECADADOS;
9901;RGE;61;RECURSOS DIRETAMENTE ARRECADADOS COM VINCULACAO ESPECIFICA;
9901;RGE;66;ACORDOS E AJUSTES DE COOPERACAO MUTUA COM OS ESTADOS E O DISTRITO FEDERAL;
9901;RGE;68;CONVENIOS COM AS INSTITUICOES PRIVADAS E OS ORGANISMOS DO EXTERIOR;
9901;RGE;69;CONVENIOS COM OS ESTADOS E O DISTRITO FEDERAL;
9901;RGE;70;CONVENIOS COM OS MUNICIPIOS;
9901;RGE;71;RECURSOS DO FUNDO ESTADUAL DE ERRADICACAO DA MISERIA;
9901;RGE;72;TAXA DE FISCALIZACAO DE RECURSOS MINERARIOS;
9901;RGE;73;ACORDOS, AJUSTES E DEMAIS INSTRUMENTOS DE COOPERACAO MUTUA COM A UNIAO E SUAS ENTIDADES;
9901;RGE;74;ACORDOS E AJUSTES DE COOPERACAO MUTUA COM AS INSTITUICOES PRIVADAS E OS ORGANISMOS DO EXTERIOR;
9901;RGE;75;CONTRIBUICAO PATRONAL PARA CUSTEIO DOS PROVENTOS DOS MILITARES;
9901;RGE;78;CONTRIBUICAO MILITAR PARA CUSTEIO DO SISTEMA DE PROTECAO SOCIAL DOS MILITARES;
9901;RGE;79;CONTRIBUICAO PATRONAL PARA O FUNPREV;
9901;RGE;80;RECURSOS DO ACORDO DE REPACTUACAO DO RIO DOCE;
9901;RGE;82;NOTIFICACAO DE INFRACAO DE TRANSITO ESTADO;
9901;RGE;90;TRANSFERENCIAS DO FUNDEB - COMPLEMENTACAO DA UNIAO - VAAR;
9901;RGE;94;TAXA FLORESTAL - ADMINISTRACAO DIRETA;
9901;RGE;95;RECURSOS RECEBIDOS POR DANOS ADVINDOS DE DESASTRES SOCIOAMBIENTAIS;
9901;RGE;97;TRANSFERENCIAS ESPECIAIS DE RECURSOS DA UNIAO - RECURSOS RECEBIDOS ATE 2023;
9901;RGE;98;TRANSFERENCIAS ESPECIAIS DE RECURSOS DA UNIAO;
